{"cameraMode":{"drawMode":0,"name":"Shaded","section":"Shading Mode"},"sceneLighting":true,"audioPlay":false,"sceneViewState":{"m_AlwaysRefresh":false,"showFog":true,"showSkybox":true,"showFlares":true,"showImageEffects":true,"showParticleSystems":true,"showVisualEffectGraphs":true,"m_FxEnabled":true},"in2DMode":false,"pivot":{"x":-3.207430124282837,"y":3.5974745750427248,"z":0.26230302453041079},"rotation":{"x":0.3208296298980713,"y":0.5614538192749023,"z":-0.24992455542087556,"w":0.7207235097885132},"size":271.72039794921877,"orthographic":false}