{"cameraMode":{"drawMode":0,"name":"Shaded","section":"Shading Mode"},"sceneLighting":true,"audioPlay":false,"sceneViewState":{"m_AlwaysRefresh":false,"showFog":true,"showSkybox":true,"showFlares":true,"showImageEffects":true,"showParticleSystems":true,"showVisualEffectGraphs":true,"m_FxEnabled":true},"in2DMode":false,"pivot":{"x":243.40011596679688,"y":75.38531494140625,"z":187.26962280273438},"rotation":{"x":-0.23218122124671937,"y":-0.0011821035295724869,"z":0.0002861908287741244,"w":-0.9727040529251099},"size":511.8493347167969,"orthographic":false}