{"cameraMode":{"drawMode":0,"name":"Shaded","section":"Shading Mode"},"sceneLighting":true,"audioPlay":false,"sceneViewState":{"m_AlwaysRefresh":false,"showFog":true,"showSkybox":true,"showFlares":true,"showImageEffects":true,"showParticleSystems":true,"showVisualEffectGraphs":true,"m_FxEnabled":true},"in2DMode":false,"pivot":{"x":1.1169049739837647,"y":176.12969970703126,"z":-41.046669006347659},"rotation":{"x":0.7587490677833557,"y":-0.0004167507868260145,"z":0.00037490343675017357,"w":0.6514865159988403},"size":0.8822055459022522,"orthographic":false}