{"cameraMode":{"drawMode":0,"name":"Shaded","section":"Shading Mode"},"sceneLighting":false,"audioPlay":false,"sceneViewState":{"m_AlwaysRefresh":false,"showFog":true,"showSkybox":false,"showFlares":true,"showImageEffects":true,"showParticleSystems":true,"showVisualEffectGraphs":true,"m_FxEnabled":true},"in2DMode":false,"pivot":{"x":134.90557861328126,"y":-3.9957098960876467,"z":112.78225708007813},"rotation":{"x":-0.23360729217529298,"y":0.013707023113965989,"z":-0.0032934402115643026,"w":-0.9722301959991455},"size":4.187949180603027,"orthographic":false}