{"cameraMode":{"drawMode":0,"name":"Shaded","section":"Shading Mode"},"sceneLighting":false,"audioPlay":false,"sceneViewState":{"m_AlwaysRefresh":false,"showFog":true,"showSkybox":false,"showFlares":true,"showImageEffects":true,"showParticleSystems":true,"showVisualEffectGraphs":true,"m_FxEnabled":true},"in2DMode":false,"pivot":{"x":-2.3941993713378908,"y":-12.709003448486329,"z":0.4894256591796875},"rotation":{"x":-0.5206438302993774,"y":0.02329677902162075,"z":-0.014195937663316727,"w":-0.8533743023872376},"size":61.43513488769531,"orthographic":false}