{"cameraMode":{"drawMode":0,"name":"Shaded","section":"Shading Mode"},"sceneLighting":false,"audioPlay":false,"sceneViewState":{"m_AlwaysRefresh":false,"showFog":true,"showSkybox":false,"showFlares":true,"showImageEffects":true,"showParticleSystems":true,"showVisualEffectGraphs":true,"m_FxEnabled":true},"in2DMode":false,"pivot":{"x":-11.123298645019532,"y":-11.909711837768555,"z":0.5009956359863281},"rotation":{"x":0.0821385607123375,"y":-0.8983863592147827,"z":0.38706398010253909,"w":0.19064493477344514},"size":39.11981201171875,"orthographic":false}