{"cameraMode":{"drawMode":0,"name":"Shaded","section":"Shading Mode"},"sceneLighting":false,"audioPlay":false,"sceneViewState":{"m_AlwaysRefresh":false,"showFog":true,"showSkybox":false,"showFlares":true,"showImageEffects":true,"showParticleSystems":true,"showVisualEffectGraphs":true,"m_FxEnabled":true},"in2DMode":false,"pivot":{"x":89.95699310302735,"y":-56.730018615722659,"z":-23.575611114501954},"rotation":{"x":0.018437668681144716,"y":0.7931145429611206,"z":-0.6083398461341858,"w":0.02404158003628254},"size":173.7690887451172,"orthographic":false}